<?xml version = "1.0" encoding = "UTF-8" standalone = "yes"?>
<LICENSES>
<LICENSE>
<INFO>
<USER_LICENSE_NO>143660</USER_LICENSE_NO>
<USER_ID>703531</USER_ID>
<USER_ORGANIZATION>RIS</USER_ORGANIZATION>
<MANAGER_NAME>松崎好浩</MANAGER_NAME>
<USER_NAME>-</USER_NAME>
<USER_KIND>astah_UML</USER_KIND>
<USER_VERSION>6.0</USER_VERSION>
<USER_TYPE>TimedLicense</USER_TYPE>
<USER_RUN_FROM>2023/12/14</USER_RUN_FROM>
<USER_RUN_TO>2024/03/15</USER_RUN_TO>
<USER_SUPPORT_FROM>2023/12/14</USER_SUPPORT_FROM>
<USER_SUPPORT_TO>2024/03/15</USER_SUPPORT_TO>
<USER_CONSTRAINT>SingleMachine</USER_CONSTRAINT>
<USER_CONSTRAINT2>-</USER_CONSTRAINT2>
<USER_CONSTRAINT3>-</USER_CONSTRAINT3>
<MACHINE_IDENTIFICATION_INFOMATIONS></MACHINE_IDENTIFICATION_INFOMATIONS>
<USER_ATTENTION>このライセンスはマシン固定ライセンスです。他のマシンでは使用できません。</USER_ATTENTION>
</INFO>
<USER_SIGNATURE>MCwCFD0yRpK0vqLzBima/kKfTrTQiw6LAhQkOBpp7bqpc4vE6GK0LVjS+3wssg==</USER_SIGNATURE>
</LICENSE>
</LICENSES>

