<?xml version = "1.0" encoding = "UTF-8" standalone = "yes"?>
<LICENSES>
<LICENSE>
<INFO>
<USER_LICENSE_NO>144529</USER_LICENSE_NO>
<USER_ID>703531</USER_ID>
<USER_ORGANIZATION>RIS</USER_ORGANIZATION>
<MANAGER_NAME>松崎好浩</MANAGER_NAME>
<USER_NAME>-</USER_NAME>
<USER_KIND>astah_professional</USER_KIND>
<USER_VERSION>6.0</USER_VERSION>
<USER_TYPE>TimedLicense</USER_TYPE>
<USER_RUN_FROM>2022/12/05</USER_RUN_FROM>
<USER_RUN_TO>2023/03/05</USER_RUN_TO>
<USER_SUPPORT_FROM>2022/12/05</USER_SUPPORT_FROM>
<USER_SUPPORT_TO>2023/03/05</USER_SUPPORT_TO>
<USER_CONSTRAINT>SingleMachine</USER_CONSTRAINT>
<USER_CONSTRAINT2>-</USER_CONSTRAINT2>
<USER_CONSTRAINT3>-</USER_CONSTRAINT3>
<MACHINE_IDENTIFICATION_INFOMATIONS></MACHINE_IDENTIFICATION_INFOMATIONS>
<USER_ATTENTION>このライセンスはマシン固定ライセンスです。他のマシンでは使用できません。</USER_ATTENTION>
</INFO>
<USER_SIGNATURE>MC4CFQCF0U4oTbRrtGk8ijE/FeSL0DFB/AIVAJJcBMn9Ru1uS5tUNKGqMYV7d8gV</USER_SIGNATURE>
</LICENSE>
</LICENSES>

